{
  "years": [
    2006,
    2007,
    2008,
    2009,
    2010,
    2011,
    2012,
    2013,
    2014,
    2015,
    2016,
    2017,
    2018,
    2019,
    2020,
    2021,
    2022,
    2023,
    2024,
    2025
  ],
  "counts": [
    212,
    195,
    202,
    206,
    191,
    251,
    244,
    307,
    321,
    330,
    361,
    355,
    340,
    319,
    297,
    261,
    244,
    293,
    288,
    295
  ],
  "growth_rates": [
    -8.018867924528301,
    3.5897435897435894,
    1.9801980198019802,
    -7.281553398058252,
    31.413612565445025,
    -2.788844621513944,
    25.81967213114754,
    4.5602605863192185,
    2.803738317757009,
    9.393939393939393,
    -1.662049861495845,
    -4.225352112676056,
    -6.176470588235294,
    -6.896551724137931,
    -12.121212121212121,
    -6.513409961685824,
    20.081967213114755,
    -1.7064846416382253,
    2.430555555555556
  ],
  "total_anime": 5512,
  "avg_per_year": 275.6,
  "peak_year": 2016,
  "peak_count": 361
}