{
  "years": [
    2006,
    2007,
    2008,
    2009,
    2010,
    2011,
    2012,
    2013,
    2014,
    2015,
    2016,
    2017,
    2018,
    2019,
    2020,
    2021,
    2022,
    2023,
    2024,
    2025
  ],
  "counts": [
    212,
    195,
    202,
    206,
    191,
    251,
    250,
    272,
    290,
    299,
    361,
    332,
    325,
    284,
    284,
    258,
    241,
    290,
    290,
    295
  ],
  "growth_rates": [
    -8.018867924528301,
    3.5897435897435894,
    1.9801980198019802,
    -7.281553398058252,
    31.413612565445025,
    -0.398406374501992,
    8.799999999999999,
    6.61764705882353,
    3.103448275862069,
    20.735785953177256,
    -8.033240997229916,
    -2.108433734939759,
    -12.615384615384615,
    0.0,
    -9.15492957746479,
    -6.5891472868217065,
    20.33195020746888,
    0.0,
    1.7241379310344827
  ],
  "total_anime": 5328,
  "avg_per_year": 266.4,
  "peak_year": 2016,
  "peak_count": 361
}