{
  "years": [
    2006,
    2007,
    2008,
    2009,
    2010,
    2011,
    2012,
    2013,
    2014,
    2015,
    2016,
    2017,
    2018,
    2019,
    2020,
    2021,
    2022,
    2023,
    2024,
    2025,
    2026
  ],
  "counts": [
    164,
    147,
    147,
    127,
    114,
    154,
    150,
    178,
    204,
    204,
    241,
    231,
    240,
    186,
    176,
    200,
    199,
    234,
    245,
    256,
    63
  ],
  "growth_rates": [
    -10.365853658536585,
    0.0,
    -13.60544217687075,
    -10.236220472440944,
    35.08771929824561,
    -2.5974025974025974,
    18.666666666666668,
    14.606741573033707,
    0.0,
    18.137254901960784,
    -4.149377593360995,
    3.896103896103896,
    -22.5,
    -5.376344086021505,
    13.636363636363635,
    -0.5,
    17.587939698492463,
    4.700854700854701,
    4.489795918367347,
    -75.390625
  ],
  "total_anime": 3860,
  "avg_per_year": 183.8,
  "peak_year": 2025,
  "peak_count": 256
}