{
  "years": [
    2006,
    2007,
    2008,
    2009,
    2010,
    2011,
    2012,
    2013,
    2014,
    2015,
    2016,
    2017,
    2018,
    2019,
    2020,
    2021,
    2022,
    2023,
    2024,
    2025
  ],
  "counts": [
    164,
    147,
    147,
    126,
    114,
    153,
    149,
    178,
    203,
    202,
    241,
    230,
    240,
    186,
    176,
    200,
    199,
    234,
    245,
    255
  ],
  "growth_rates": [
    -10.365853658536585,
    0.0,
    -14.285714285714285,
    -9.523809523809524,
    34.21052631578947,
    -2.6143790849673203,
    19.463087248322147,
    14.04494382022472,
    -0.49261083743842365,
    19.306930693069308,
    -4.564315352697095,
    4.3478260869565215,
    -22.5,
    -5.376344086021505,
    13.636363636363635,
    -0.5,
    17.587939698492463,
    4.700854700854701,
    4.081632653061225
  ],
  "total_anime": 3789,
  "avg_per_year": 189.4,
  "peak_year": 2025,
  "peak_count": 255
}