{
  "years": [
    2006,
    2007,
    2008,
    2009,
    2010,
    2011,
    2012,
    2013,
    2014,
    2015,
    2016,
    2017,
    2018,
    2019,
    2020,
    2021,
    2022,
    2023,
    2024,
    2025,
    2026
  ],
  "counts": [
    177,
    157,
    143,
    141,
    122,
    158,
    172,
    204,
    237,
    225,
    268,
    236,
    255,
    197,
    199,
    225,
    225,
    260,
    258,
    270,
    64
  ],
  "growth_rates": [
    -11.299435028248588,
    -8.9171974522293,
    -1.3986013986013985,
    -13.47517730496454,
    29.508196721311474,
    8.860759493670885,
    18.6046511627907,
    16.176470588235293,
    -5.063291139240507,
    19.11111111111111,
    -11.940298507462686,
    8.050847457627118,
    -22.745098039215687,
    1.015228426395939,
    13.06532663316583,
    0.0,
    15.555555555555555,
    -0.7692307692307693,
    4.651162790697675,
    -76.29629629629629
  ],
  "total_anime": 4193,
  "avg_per_year": 199.7,
  "peak_year": 2025,
  "peak_count": 270
}