{
  "years": [
    2006,
    2007,
    2008,
    2009,
    2010,
    2011,
    2012,
    2013,
    2014,
    2015,
    2016,
    2017,
    2018,
    2019,
    2020,
    2021,
    2022,
    2023,
    2024,
    2025
  ],
  "counts": [
    220,
    196,
    207,
    225,
    216,
    262,
    284,
    315,
    371,
    403,
    449,
    448,
    443,
    408,
    434,
    478,
    534,
    506,
    490,
    493
  ],
  "growth_rates": [
    -10.909090909090908,
    5.612244897959184,
    8.695652173913043,
    -4.0,
    21.296296296296298,
    8.396946564885496,
    10.915492957746478,
    17.77777777777778,
    8.62533692722372,
    11.41439205955335,
    -0.22271714922048996,
    -1.1160714285714286,
    -7.900677200902935,
    6.372549019607843,
    10.138248847926267,
    11.715481171548117,
    -5.2434456928838955,
    -3.1620553359683794,
    0.6122448979591837
  ],
  "total_anime": 7382,
  "avg_per_year": 369.1,
  "peak_year": 2022,
  "peak_count": 534
}