{
  "years": [
    2006,
    2007,
    2008,
    2009,
    2010,
    2011,
    2012,
    2013,
    2014,
    2015,
    2016,
    2017,
    2018,
    2019,
    2020,
    2021,
    2022,
    2023,
    2024,
    2025
  ],
  "counts": [
    198,
    182,
    173,
    176,
    150,
    181,
    201,
    242,
    264,
    256,
    295,
    269,
    284,
    242,
    236,
    268,
    268,
    313,
    357,
    419
  ],
  "growth_rates": [
    -8.080808080808081,
    -4.945054945054945,
    1.7341040462427744,
    -14.772727272727273,
    20.666666666666668,
    11.049723756906078,
    20.398009950248756,
    9.090909090909092,
    -3.0303030303030303,
    15.234375,
    -8.813559322033898,
    5.5762081784386615,
    -14.788732394366196,
    -2.479338842975207,
    13.559322033898304,
    0.0,
    16.791044776119403,
    14.057507987220447,
    17.366946778711483
  ],
  "total_anime": 4974,
  "avg_per_year": 248.7,
  "peak_year": 2025,
  "peak_count": 419
}